episode,step,action,empty_cells,times_max_reduced,times_other_reduced,max_tile_val,special_pos_row,special_pos_col,state_0,state_1,state_2,state_3,state_4,state_5,state_6,state_7,state_8,state_9,state_10,state_11,state_12,state_13,state_14,state_15,next_0,next_1,next_2,next_3,next_4,next_5,next_6,next_7,next_8,next_9,next_10,next_11,next_12,next_13,next_14,next_15
28,0,Left,13,0,0,2,1,2,0,0,2,0,0,0,0,0,0,2,0,0,0,0,0,0,2,0,0,0,0,0,0,2,2,0,0,0,0,0,0,0
28,1,Down,13,0,0,4,1,2,2,0,0,0,0,0,0,2,2,0,0,0,0,0,0,0,0,0,0,0,0,0,2,0,0,0,0,0,4,0,0,2
28,2,Down,12,0,0,4,1,2,0,0,0,0,0,0,2,0,0,0,0,0,4,0,0,2,0,0,0,2,0,0,0,0,0,0,0,0,4,0,2,2
28,3,Left,12,0,0,4,1,2,0,0,0,2,0,0,0,0,0,0,0,0,4,0,2,2,2,0,0,0,0,0,0,2,0,0,0,0,4,4,0,0
28,4,Down,11,0,0,4,1,2,2,0,0,0,0,0,0,2,0,0,0,0,4,4,0,0,0,0,0,0,2,0,0,0,2,0,0,0,4,4,0,2
28,5,Down,11,0,0,4,1,2,0,0,0,0,2,0,0,0,2,0,0,0,4,4,0,2,0,0,0,0,0,0,0,0,4,0,2,0,4,4,0,2
28,6,Left,11,0,0,8,1,2,0,0,0,0,0,0,0,0,4,0,2,0,4,4,0,2,0,0,0,0,0,0,0,0,4,2,0,0,8,2,0,2
28,7,Down,11,0,0,8,1,2,0,0,0,0,0,0,0,0,4,2,0,0,8,2,0,2,0,0,0,0,0,0,0,0,4,2,0,0,8,4,0,2
28,8,Left,10,0,0,8,1,2,0,0,0,0,0,0,0,0,4,2,0,0,8,4,0,2,0,0,0,0,0,0,2,0,4,2,0,0,8,4,2,0
28,9,Down,10,0,0,8,1,2,0,0,0,0,0,0,2,0,4,2,0,0,8,4,2,0,0,0,0,0,2,0,0,0,4,2,0,0,8,4,4,0
28,10,Left,10,0,0,8,1,2,0,0,0,0,2,0,0,0,4,2,0,0,8,4,4,0,0,0,0,0,2,2,0,0,4,2,0,0,8,8,0,0
28,11,Down,10,0,0,8,1,2,0,0,0,0,2,2,0,0,4,2,0,0,8,8,0,0,0,0,0,0,2,0,0,2,4,4,0,0,8,8,0,0
28,12,Down,9,0,0,8,1,2,0,0,0,0,2,0,0,2,4,4,0,0,8,8,0,0,0,0,0,0,2,2,0,0,4,4,0,0,8,8,0,2
28,13,Left,11,0,0,16,1,2,0,0,0,0,2,2,0,0,4,4,0,0,8,8,0,2,0,0,2,0,4,0,0,0,8,0,0,0,16,2,0,0
28,14,Down,10,0,0,16,1,2,0,0,2,0,4,0,0,0,8,0,0,0,16,2,0,0,0,0,0,0,4,0,0,0,8,2,0,0,16,2,2,0
28,15,Down,10,0,0,16,1,2,0,0,0,0,4,0,0,0,8,2,0,0,16,2,2,0,0,0,0,0,4,0,0,0,8,0,0,0,16,4,2,2
28,16,Left,10,0,0,16,1,2,0,0,0,0,4,0,0,0,8,0,0,0,16,4,2,2,0,0,0,0,4,0,0,0,8,2,0,0,16,4,4,0
28,17,Left,10,0,0,16,1,2,0,0,0,0,4,0,0,0,8,2,0,0,16,4,4,0,2,0,0,0,4,0,0,0,8,2,0,0,16,8,0,0
28,18,Right,9,0,0,16,1,2,2,0,0,0,4,0,0,0,8,2,0,0,16,8,0,0,0,2,0,2,0,0,0,4,0,0,8,2,0,0,16,8
28,19,Left,9,0,0,16,1,2,0,2,0,2,0,0,0,4,0,0,8,2,0,0,16,8,4,2,0,0,4,0,0,0,8,2,0,0,16,8,0,0
28,20,Down,10,0,0,16,1,2,4,2,0,0,4,0,0,0,8,2,0,0,16,8,0,0,0,0,0,0,8,0,0,2,8,4,0,0,16,8,0,0
28,21,Down,10,0,0,16,1,2,0,0,0,0,8,0,0,2,8,4,0,0,16,8,0,0,0,0,0,0,0,0,0,0,16,4,2,0,16,8,0,2
28,22,Right,9,0,0,16,1,2,0,0,0,0,0,0,0,0,16,4,2,0,16,8,0,2,0,0,0,0,2,0,0,0,0,16,4,2,0,16,8,2
28,23,Left,8,0,0,16,1,2,0,0,0,0,2,0,0,0,0,16,4,2,0,16,8,2,0,0,0,2,2,0,0,0,16,4,2,0,16,8,2,0
28,24,Down,9,0,0,32,1,2,0,0,0,2,2,0,0,0,16,4,2,0,16,8,2,0,0,0,2,0,0,0,0,0,2,4,0,0,32,8,4,2
28,25,Down,8,0,0,32,1,2,0,0,2,0,0,0,0,0,2,4,0,0,32,8,4,2,0,0,0,0,0,0,0,0,2,4,2,2,32,8,4,2
28,26,Left,8,0,0,32,1,2,0,0,0,0,0,0,0,0,2,4,2,2,32,8,4,2,0,2,0,0,0,0,0,0,2,4,4,0,32,8,4,2
28,27,Down,8,0,0,32,1,2,0,2,0,0,0,0,0,0,2,4,4,0,32,8,4,2,0,0,0,0,0,2,0,2,2,4,0,0,32,8,8,2
28,28,Down,8,0,0,32,1,2,0,0,0,0,0,2,0,2,2,4,0,0,32,8,8,2,0,0,0,2,0,2,0,0,2,4,0,0,32,8,8,4
28,29,Left,8,0,0,32,1,2,0,0,0,2,0,2,0,0,2,4,0,0,32,8,8,4,2,0,0,0,2,0,0,0,2,4,0,2,32,16,4,0
28,30,Left,7,0,0,32,1,2,2,0,0,0,2,0,0,0,2,4,0,2,32,16,4,0,2,2,0,0,2,0,0,0,2,4,2,0,32,16,4,0
28,31,Left,7,0,0,32,1,2,2,2,0,0,2,0,0,0,2,4,2,0,32,16,4,0,4,0,0,0,2,0,2,0,2,4,2,0,32,16,4,0
28,32,Left,7,0,0,32,1,2,4,0,0,0,2,0,2,0,2,4,2,0,32,16,4,0,4,0,0,0,4,0,0,2,2,4,2,0,32,16,4,0
28,33,Left,6,0,0,32,1,2,4,0,0,0,4,0,0,2,2,4,2,0,32,16,4,0,4,0,0,2,4,2,0,0,2,4,2,0,32,16,4,0
28,34,Down,6,0,0,32,1,2,4,0,0,2,4,2,0,0,2,4,2,0,32,16,4,0,0,0,0,0,8,2,2,0,2,4,2,0,32,16,4,2
28,35,Down,6,0,0,32,1,2,0,0,0,0,8,2,2,0,2,4,2,0,32,16,4,2,0,0,2,0,8,2,0,0,2,4,4,0,32,16,4,2
28,36,Down,6,0,0,32,1,2,0,0,2,0,8,2,0,0,2,4,4,0,32,16,4,2,0,2,0,0,8,2,0,0,2,4,2,0,32,16,8,2
28,37,Down,6,0,0,32,1,2,0,2,0,0,8,2,0,0,2,4,2,0,32,16,8,2,0,0,2,0,8,4,0,0,2,4,2,0,32,16,8,2
28,38,Left,5,0,0,32,1,2,0,0,2,0,8,4,0,0,2,4,2,0,32,16,8,2,2,0,0,0,8,4,0,2,2,4,2,0,32,16,8,2
28,39,Left,4,0,0,32,1,2,2,0,0,0,8,4,0,2,2,4,2,0,32,16,8,2,2,0,2,0,8,4,2,0,2,4,2,0,32,16,8,2
28,40,Down,5,0,0,32,1,2,2,0,2,0,8,4,2,0,2,4,2,0,32,16,8,2,2,0,0,0,8,2,2,0,2,8,4,0,32,16,8,2
28,41,Right,5,0,0,32,1,2,2,0,0,0,8,2,2,0,2,8,4,0,32,16,8,2,0,0,0,2,2,0,4,4,0,2,8,4,32,16,8,2
28,42,Left,5,0,1,32,1,2,0,0,0,2,2,0,4,4,0,2,8,4,32,16,8,2,2,0,0,0,2,8,2,0,2,8,4,0,32,16,8,2
28,43,Down,6,0,1,32,1,2,2,0,0,0,2,8,2,0,2,8,4,0,32,16,8,2,2,0,0,0,2,0,2,0,4,16,4,0,32,16,8,2
28,44,Down,7,0,1,32,1,2,2,0,0,0,2,0,2,0,4,16,4,0,32,16,8,2,0,0,0,0,4,0,2,2,4,0,4,0,32,32,8,2
28,45,Down,8,0,1,32,1,2,0,0,0,0,4,0,2,2,4,0,4,0,32,32,8,2,0,0,0,0,0,0,2,2,8,0,4,0,32,32,8,4
28,46,Left,9,0,1,64,1,2,0,0,0,0,0,0,2,2,8,0,4,0,32,32,8,4,0,2,0,0,4,0,0,0,8,4,0,0,64,8,4,0
28,47,Down,8,0,1,64,1,2,0,2,0,0,4,0,0,0,8,4,0,0,64,8,4,0,0,0,0,0,4,2,0,0,8,4,0,2,64,8,4,0
28,48,Down,7,0,1,64,1,2,0,0,0,0,4,2,0,0,8,4,0,2,64,8,4,0,0,2,0,0,4,2,0,0,8,4,0,0,64,8,4,2
28,49,Down,7,0,1,64,1,2,0,2,0,0,4,2,0,0,8,4,0,0,64,8,4,2,0,0,0,0,4,4,2,0,8,4,0,0,64,8,4,2
28,50,Left,7,0,1,64,1,2,0,0,0,0,4,4,2,0,8,4,0,0,64,8,4,2,0,0,0,0,8,2,0,0,8,4,0,2,64,8,4,2
28,51,Down,8,0,1,64,1,2,0,0,0,0,8,2,0,0,8,4,0,2,64,8,4,2,0,0,0,0,2,2,0,0,16,4,0,0,64,8,4,4
28,52,Left,9,0,1,64,1,2,0,0,0,0,2,2,0,0,16,4,0,0,64,8,4,4,0,0,0,0,4,0,0,0,16,4,0,0,64,8,8,2
28,53,Left,9,0,1,64,1,2,0,0,0,0,4,0,0,0,16,4,0,0,64,8,8,2,0,0,0,2,4,0,0,0,16,4,0,0,64,16,2,0
28,54,Down,8,0,1,64,1,2,0,0,0,2,4,0,0,0,16,4,0,0,64,16,2,0,0,0,0,0,4,2,0,0,16,4,0,0,64,16,2,2
28,55,Left,8,0,1,64,1,2,0,0,0,0,4,2,0,0,16,4,0,0,64,16,2,2,2,0,0,0,4,2,0,0,16,4,0,0,64,16,4,0
28,56,Right,7,0,1,64,1,2,2,0,0,0,4,2,0,0,16,4,0,0,64,16,4,0,0,0,0,2,0,0,2,2,0,2,16,4,0,64,16,4
28,57,Left,7,0,1,64,1,2,0,0,0,2,0,0,2,2,0,2,16,4,0,64,16,4,2,0,0,2,4,0,0,0,2,16,4,0,64,16,4,0
28,58,Down,8,0,1,64,1,2,2,0,0,2,4,0,0,0,2,16,4,0,64,16,4,0,2,0,0,0,4,2,0,0,2,0,0,0,64,32,8,2
28,59,Down,7,0,1,64,1,2,2,0,0,0,4,2,0,0,2,0,0,0,64,32,8,2,2,0,2,0,4,0,0,0,2,2,0,0,64,32,8,2
28,60,Down,6,0,1,64,1,2,2,0,2,0,4,0,0,0,2,2,0,0,64,32,8,2,2,0,0,0,4,0,2,0,2,2,2,0,64,32,8,2
28,61,Right,6,0,1,64,1,2,2,0,0,0,4,0,2,0,2,2,2,0,64,32,8,2,0,0,0,2,2,0,2,2,0,0,2,4,64,32,8,2
28,62,Down,7,0,1,64,1,2,0,0,0,2,2,0,2,2,0,0,2,4,64,32,8,2,0,0,0,0,2,0,0,4,2,0,4,4,64,32,8,2
28,63,Down,8,0,1,64,1,2,0,0,0,0,2,0,0,4,2,0,4,4,64,32,8,2,0,0,0,0,0,0,0,2,4,0,4,8,64,32,8,2
28,64,Left,8,0,1,64,1,2,0,0,0,0,0,0,0,2,4,0,4,8,64,32,8,2,0,0,0,0,2,0,0,0,8,8,0,2,64,32,8,2
28,65,Down,8,0,1,64,1,2,0,0,0,0,2,0,0,0,8,8,0,2,64,32,8,2,0,0,0,0,2,0,2,0,8,8,0,0,64,32,8,4
28,66,Right,9,0,1,64,1,2,0,0,0,0,2,0,2,0,8,8,0,0,64,32,8,4,0,0,0,0,0,2,0,4,0,0,0,16,64,32,8,4
28,67,Left,8,0,1,64,1,2,0,0,0,0,0,2,0,4,0,0,0,16,64,32,8,4,0,0,2,0,2,4,0,0,16,0,0,0,64,32,8,4
28,68,Down,7,0,1,64,1,2,0,0,2,0,2,4,0,0,16,0,0,0,64,32,8,4,0,0,0,2,2,0,0,0,16,4,2,0,64,32,8,4
28,69,Down,6,0,1,64,1,2,0,0,0,2,2,0,0,0,16,4,2,0,64,32,8,4,0,0,0,0,2,2,0,0,16,4,2,2,64,32,8,4
28,70,Left,7,0,1,64,1,2,0,0,0,0,2,2,0,0,16,4,2,2,64,32,8,4,0,0,0,0,4,0,2,0,16,4,4,0,64,32,8,4
28,71,Left,7,0,1,64,1,2,0,0,0,0,4,0,2,0,16,4,4,0,64,32,8,4,0,0,0,0,4,2,0,0,16,8,0,2,64,32,8,4
28,72,Right,6,0,1,64,1,2,0,0,0,0,4,2,0,0,16,8,0,2,64,32,8,4,0,0,0,0,2,0,2,2,0,16,8,2,64,32,8,4
28,73,Down,7,0,1,64,1,2,0,0,0,0,2,0,2,2,0,16,8,2,64,32,8,4,0,2,0,0,0,0,0,0,2,16,2,4,64,32,16,4
28,74,Right,6,0,1,64,1,2,0,2,0,0,0,0,0,0,2,16,2,4,64,32,16,4,0,2,0,2,0,0,0,0,2,16,2,4,64,32,16,4
28,75,Down,6,0,1,64,1,2,0,2,0,2,0,0,0,0,2,16,2,4,64,32,16,4,0,0,0,0,2,2,0,0,2,16,2,2,64,32,16,8
28,76,Right,7,0,1,64,1,2,0,0,0,0,2,2,0,0,2,16,2,2,64,32,16,8,0,0,0,0,0,2,0,4,0,2,16,4,64,32,16,8
28,77,Down,9,0,1,64,1,2,0,0,0,0,0,2,0,4,0,2,16,4,64,32,16,8,0,0,0,0,0,2,0,0,0,4,0,8,64,32,32,8
28,78,Left,9,0,1,64,1,2,0,0,0,0,0,2,0,0,0,4,0,8,64,32,32,8,0,0,0,0,2,0,0,0,4,8,0,2,64,64,8,0
28,79,Left,9,0,1,128,1,2,0,0,0,0,2,0,0,0,4,8,0,2,64,64,8,0,2,0,0,0,2,0,0,0,4,8,2,0,128,8,0,0
28,80,Down,10,0,1,128,1,2,2,0,0,0,2,0,0,0,4,8,2,0,128,8,0,0,0,0,0,0,4,0,2,0,4,0,0,0,128,16,2,0
28,81,Left,9,0,1,128,1,2,0,0,0,0,4,0,2,0,4,0,0,0,128,16,2,0,0,0,0,2,4,2,0,0,4,0,0,0,128,16,2,0
28,82,Left,8,0,1,128,1,2,0,0,0,2,4,2,0,0,4,0,0,0,128,16,2,0,2,0,0,0,4,2,0,0,4,0,0,2,128,16,2,0
28,83,Down,8,0,1,128,1,2,2,0,0,0,4,2,0,0,4,0,0,2,128,16,2,0,0,0,0,0,2,0,0,0,8,2,2,0,128,16,2,2
28,84,Down,8,0,1,128,1,2,0,0,0,0,2,0,0,0,8,2,2,0,128,16,2,2,0,0,0,2,2,0,0,0,8,2,0,0,128,16,4,2
28,85,Left,7,0,1,128,1,2,0,0,0,2,2,0,0,0,8,2,0,0,128,16,4,2,2,0,0,2,2,0,0,0,8,2,0,0,128,16,4,2
28,86,Left,7,0,1,128,1,2,2,0,0,2,2,0,0,0,8,2,0,0,128,16,4,2,4,2,0,0,2,0,0,0,8,2,0,0,128,16,4,2
28,87,Down,7,0,1,128,1,2,4,2,0,0,2,0,0,0,8,2,0,0,128,16,4,2,4,2,0,0,2,0,0,0,8,4,0,0,128,16,4,2
28,88,Down,6,0,1,128,1,2,4,2,0,0,2,0,0,0,8,4,0,0,128,16,4,2,4,0,0,0,2,2,2,0,8,4,0,0,128,16,4,2
28,89,Down,5,0,1,128,1,2,4,0,0,0,2,2,2,0,8,4,0,0,128,16,4,2,4,0,0,0,2,2,0,0,8,4,2,2,128,16,4,2
28,90,Down,5,0,1,128,1,2,4,0,0,0,2,2,0,0,8,4,2,2,128,16,4,2,4,0,2,0,2,2,0,0,8,4,2,0,128,16,4,4
28,91,Left,6,0,1,128,1,2,4,0,2,0,2,2,0,0,8,4,2,0,128,16,4,4,4,2,0,0,4,0,0,0,8,4,2,2,128,16,8,0
28,92,Down,6,0,1,128,1,2,4,2,0,0,4,0,0,0,8,4,2,2,128,16,8,0,2,0,0,0,8,2,0,0,8,4,2,0,128,16,8,2
28,93,Down,6,0,1,128,1,2,2,0,0,0,8,2,0,0,8,4,2,0,128,16,8,2,0,0,0,0,2,2,2,0,16,4,2,0,128,16,8,2
28,94,Right,6,0,1,128,1,2,0,0,0,0,2,2,2,0,16,4,2,0,128,16,8,2,0,0,2,0,0,0,2,4,0,16,4,2,128,16,8,2
28,95,Down,8,0,1,128,1,2,0,0,2,0,0,0,2,4,0,16,4,2,128,16,8,2,0,0,0,0,2,0,2,0,0,0,4,4,128,32,8,4
28,96,Left,9,0,1,128,1,2,0,0,0,0,2,0,2,0,0,0,4,4,128,32,8,4,0,0,0,0,4,0,0,0,8,0,2,0,128,32,8,4
28,97,Left,8,0,1,128,1,2,0,0,0,0,4,0,0,0,8,0,2,0,128,32,8,4,0,0,0,0,4,2,0,0,8,2,0,0,128,32,8,4
28,98,Down,8,0,1,128,1,2,0,0,0,0,4,2,0,0,8,2,0,0,128,32,8,4,0,0,0,0,4,0,0,0,8,4,2,0,128,32,8,4
28,99,Right,7,0,1,128,1,2,0,0,0,0,4,0,0,0,8,4,2,0,128,32,8,4,0,0,0,2,0,0,0,4,0,8,4,2,128,32,8,4
28,100,Left,6,0,1,128,1,2,0,0,0,2,0,0,0,4,0,8,4,2,128,32,8,4,2,0,0,0,4,0,0,0,8,4,2,2,128,32,8,4
28,101,Left,6,0,1,128,1,2,2,0,0,0,4,0,0,0,8,4,2,2,128,32,8,4,2,0,0,2,4,0,0,0,8,4,4,0,128,32,8,4
28,102,Down,5,0,1,128,1,2,2,0,0,2,4,0,0,0,8,4,4,0,128,32,8,4,2,0,0,0,4,2,0,0,8,4,4,2,128,32,8,4
28,103,Left,5,0,1,128,1,2,2,0,0,0,4,2,0,0,8,4,4,2,128,32,8,4,2,2,0,0,4,2,0,0,8,8,2,0,128,32,8,4
28,104,Left,6,0,1,128,1,2,2,2,0,0,4,2,0,0,8,8,2,0,128,32,8,4,4,2,0,0,4,2,0,0,16,2,0,0,128,32,8,4
28,105,Right,5,0,1,128,1,2,4,2,0,0,4,2,0,0,16,2,0,0,128,32,8,4,0,0,4,2,0,0,2,2,0,2,16,2,128,32,8,4
28,106,Down,5,0,1,128,1,2,0,0,4,2,0,0,2,2,0,2,16,2,128,32,8,4,0,2,4,0,0,0,2,2,0,2,16,4,128,32,8,4
28,107,Down,6,0,1,128,1,2,0,2,4,0,0,0,2,2,0,2,16,4,128,32,8,4,0,0,4,0,0,0,2,2,0,4,16,2,128,32,8,8
28,108,Down,6,0,1,128,1,2,0,0,4,0,0,0,2,2,0,4,16,2,128,32,8,8,0,2,4,0,0,0,2,0,0,4,16,4,128,32,8,8
28,109,Left,6,0,1,128,1,2,0,2,4,0,0,0,2,0,0,4,16,4,128,32,8,8,2,4,0,0,2,0,0,2,4,16,4,0,128,32,16,0
28,110,Right,6,0,1,128,1,2,2,4,0,0,2,0,0,2,4,16,4,0,128,32,16,0,2,0,2,4,0,0,0,4,0,4,16,4,0,128,32,16
28,111,Left,6,0,1,128,1,2,2,0,2,4,0,0,0,4,0,4,16,4,0,128,32,16,4,4,0,0,4,0,0,0,4,16,4,2,128,32,16,0
28,112,Down,6,0,1,128,1,2,4,4,0,0,4,0,0,0,4,16,4,2,128,32,16,0,0,0,2,0,4,4,0,0,8,16,4,0,128,32,16,2
28,113,Down,5,0,1,128,1,2,0,0,2,0,4,4,0,0,8,16,4,0,128,32,16,2,0,0,0,0,4,4,2,0,8,16,4,2,128,32,16,2
28,114,Down,5,0,1,128,1,2,0,0,0,0,4,4,2,0,8,16,4,2,128,32,16,2,0,0,2,0,4,4,2,0,8,16,4,0,128,32,16,4
28,115,Down,5,0,1,128,1,2,0,0,2,0,4,4,2,0,8,16,4,0,128,32,16,4,2,0,0,0,4,4,2,0,8,16,4,0,128,32,16,4
28,116,Right,5,0,1,128,1,2,2,0,0,0,4,4,2,0,8,16,4,0,128,32,16,4,0,0,0,2,0,0,4,2,2,8,16,4,128,32,16,4
28,117,Down,7,0,1,128,1,2,0,0,0,2,0,0,4,2,2,8,16,4,128,32,16,4,0,0,0,0,0,2,0,0,2,8,4,4,128,32,32,8
28,118,Left,8,0,1,128,1,2,0,0,0,0,0,2,0,0,2,8,4,4,128,32,32,8,0,0,0,0,2,0,0,0,2,8,8,2,128,64,8,0
28,119,Left,8,0,1,128,1,2,0,0,0,0,2,0,0,0,2,8,8,2,128,64,8,0,0,0,0,0,2,2,0,0,2,16,2,0,128,64,8,0
28,120,Down,8,0,1,128,1,2,0,0,0,0,2,2,0,0,2,16,2,0,128,64,8,0,2,0,0,0,0,2,0,0,4,16,2,0,128,64,8,0
28,121,Down,7,0,1,128,1,2,2,0,0,0,0,2,0,0,4,16,2,0,128,64,8,0,2,0,0,0,2,2,0,0,4,16,2,0,128,64,8,0
28,122,Down,7,0,1,128,1,2,2,0,0,0,2,2,0,0,4,16,2,0,128,64,8,0,0,0,0,0,4,2,2,0,4,16,2,0,128,64,8,0
28,123,Down,8,0,1,128,1,2,0,0,0,0,4,2,2,0,4,16,2,0,128,64,8,0,0,0,0,0,0,2,0,2,8,16,4,0,128,64,8,0
28,124,Down,7,0,1,128,1,2,0,0,0,0,0,2,0,2,8,16,4,0,128,64,8,0,0,0,0,0,0,2,2,0,8,16,4,0,128,64,8,2
28,125,Right,7,0,1,128,1,2,0,0,0,0,0,2,2,0,8,16,4,0,128,64,8,2,0,0,0,0,2,0,0,4,0,8,16,4,128,64,8,2
28,126,Down,7,0,1,128,1,2,0,0,0,0,2,0,0,4,0,8,16,4,128,64,8,2,0,0,0,0,0,0,2,0,2,8,16,8,128,64,8,2
28,127,Left,6,0,1,128,1,2,0,0,0,0,0,0,2,0,2,8,16,8,128,64,8,2,2,0,0,0,2,0,0,0,2,8,16,8,128,64,8,2
28,128,Up,6,0,1,128,1,2,2,0,0,0,2,0,0,0,2,8,16,8,128,64,8,2,4,8,16,8,2,64,4,2,128,2,0,0,0,0,0,0
28,129,Down,5,0,1,128,1,2,4,8,16,8,2,64,4,2,128,2,0,0,0,0,0,0,2,0,0,0,4,8,0,0,2,64,16,8,128,2,4,2
28,130,Up,4,0,1,128,1,2,2,0,0,0,4,8,0,0,2,64,16,8,128,2,4,2,2,8,16,8,4,64,2,2,2,2,2,0,128,0,0,0
28,131,Right,5,0,1,128,1,2,2,8,16,8,4,64,2,2,2,2,2,0,128,0,0,0,2,8,16,8,0,4,32,4,0,2,2,4,0,0,0,128
28,132,Left,5,0,1,128,1,2,2,8,16,8,0,4,32,4,0,2,2,4,0,0,0,128,2,8,16,8,4,32,2,0,4,4,0,2,128,0,0,0
28,133,Left,5,0,1,128,1,2,2,8,16,8,4,32,2,0,4,4,0,2,128,0,0,0,2,8,16,8,4,32,2,0,8,2,0,0,128,0,0,2
28,134,Down,4,0,1,128,1,2,2,8,16,8,4,32,2,0,8,2,0,0,128,0,0,2,2,0,2,0,4,8,0,0,8,32,16,8,128,2,2,2
28,135,Left,5,0,1,128,1,2,2,0,2,0,4,8,0,0,8,32,16,8,128,2,2,2,4,0,0,0,4,8,2,0,8,32,16,8,128,4,2,0
28,136,Up,5,0,1,128,1,2,4,0,0,0,4,8,2,0,8,32,16,8,128,4,2,0,8,8,2,8,8,32,8,0,128,4,2,0,0,2,0,0
28,137,Down,5,0,1,128,1,2,8,8,2,8,8,32,8,0,128,4,2,0,0,2,0,0,0,8,0,0,2,32,2,0,16,4,8,0,128,2,2,8
28,138,Left,5,0,1,128,1,2,0,8,0,0,2,32,2,0,16,4,8,0,128,2,2,8,8,0,0,0,2,32,2,0,16,4,8,0,128,4,8,2
28,139,Down,6,0,1,128,1,2,8,0,0,0,2,32,2,0,16,4,8,0,128,4,8,2,8,0,2,0,2,0,0,0,16,32,2,0,128,8,16,2
28,140,Down,6,0,1,128,1,2,8,0,2,0,2,0,0,0,16,32,2,0,128,8,16,2,8,2,0,0,2,0,0,0,16,32,4,0,128,8,16,2
28,141,Right,5,0,1,128,1,2,8,2,0,0,2,0,0,0,16,32,4,0,128,8,16,2,0,0,8,2,2,0,0,2,0,16,32,4,128,8,16,2
28,142,Down,5,0,1,128,1,2,0,0,8,2,2,0,0,2,0,16,32,4,128,8,16,2,0,0,0,0,2,0,4,4,2,16,32,4,128,8,16,2
28,143,Left,5,0,1,128,1,2,0,0,0,0,2,0,4,4,2,16,32,4,128,8,16,2,0,0,2,0,2,8,0,0,2,16,32,4,128,8,16,2
28,144,Down,5,0,1,128,1,2,0,0,2,0,2,8,0,0,2,16,32,4,128,8,16,2,2,0,0,0,0,8,2,0,4,16,32,4,128,8,16,2
28,145,Left,4,0,1,128,1,2,2,0,0,0,0,8,2,0,4,16,32,4,128,8,16,2,2,0,0,0,8,2,0,2,4,16,32,4,128,8,16,2
28,146,Up,3,0,1,128,1,2,2,0,0,0,8,2,0,2,4,16,32,4,128,8,16,2,2,2,32,2,8,16,8,4,4,8,0,2,128,0,2,0
28,147,Down,2,0,1,128,1,2,2,2,32,2,8,16,8,4,4,8,0,2,128,0,2,0,2,2,0,0,8,2,16,2,4,16,8,4,128,8,2,2
28,148,Left,3,0,2,128,1,2,2,2,0,0,8,2,16,2,4,16,8,4,128,8,2,2,4,0,0,0,8,2,8,2,4,16,8,4,128,8,4,2
28,149,Up,3,0,2,128,1,2,4,0,0,0,8,2,8,2,4,16,8,4,128,8,4,2,4,2,16,2,8,16,2,4,4,8,0,2,128,0,0,2
28,150,Down,3,0,2,128,1,2,4,2,16,2,8,16,2,4,4,8,0,2,128,0,0,2,4,2,0,0,8,2,0,2,4,16,16,4,128,8,2,4
28,151,Up,4,0,2,128,1,2,4,2,0,0,8,2,0,2,4,16,16,4,128,8,2,4,4,4,16,2,8,16,2,8,4,8,0,0,128,2,0,0
28,152,Right,4,0,2,128,1,2,4,4,16,2,8,16,2,8,4,8,0,0,128,2,0,0,0,8,16,2,8,16,2,8,0,0,4,8,2,0,128,2
28,153,Left,3,0,2,128,1,2,0,8,16,2,8,16,2,8,0,0,4,8,2,0,128,2,8,16,2,0,8,16,2,8,4,8,2,0,2,128,2,0
28,154,Down,6,0,2,128,1,2,8,16,2,0,8,16,2,8,4,8,2,0,2,128,2,0,0,0,0,2,16,32,0,0,4,8,4,0,2,128,4,8
28,155,Down,6,0,2,128,1,2,0,0,0,2,16,32,0,0,4,8,4,0,2,128,4,8,0,2,0,0,16,32,0,0,4,8,0,2,2,128,8,8
28,156,Right,6,0,2,128,1,2,0,2,0,0,16,32,0,0,4,8,0,2,2,128,8,8,0,0,0,2,2,0,8,32,0,4,8,2,0,2,128,16
28,157,Down,6,0,2,128,1,2,0,0,0,2,2,0,8,32,0,4,8,2,0,2,128,16,0,0,0,2,0,2,0,32,0,4,16,2,2,2,128,16
28,158,Left,6,0,2,128,1,2,0,0,0,2,0,2,0,32,0,4,16,2,2,2,128,16,2,2,0,0,2,32,0,0,4,16,2,0,4,128,16,0
28,159,Down,7,0,2,128,1,2,2,2,0,0,2,32,0,0,4,16,2,0,4,128,16,0,0,2,0,2,0,32,0,0,4,16,2,0,8,128,16,0
28,160,Down,6,0,2,128,1,2,0,2,0,2,0,32,0,0,4,16,2,0,8,128,16,0,0,2,0,2,0,32,0,0,4,16,2,0,8,128,16,2
28,161,Left,6,0,2,128,1,2,0,2,0,2,0,32,0,0,4,16,2,0,8,128,16,2,4,0,0,0,32,2,0,0,4,16,2,0,8,128,16,2
28,162,Right,5,0,2,128,1,2,4,0,0,0,32,2,0,0,4,16,2,0,8,128,16,2,2,0,0,4,0,0,16,2,0,4,16,2,8,128,16,2
28,163,Left,4,0,2,128,1,2,2,0,0,4,0,0,16,2,0,4,16,2,8,128,16,2,2,4,0,0,16,2,0,0,4,16,2,2,8,128,16,2
28,164,Down,4,0,2,128,1,2,2,4,0,0,16,2,0,0,4,16,2,2,8,128,16,2,2,4,0,0,16,2,0,0,4,16,2,2,8,128,16,4
28,165,Right,4,0,2,128,1,2,2,4,0,0,16,2,0,0,4,16,2,2,8,128,16,4,0,0,2,4,0,2,8,2,0,4,16,4,8,128,16,4
28,166,Down,5,0,2,128,1,2,0,0,2,4,0,2,8,2,0,4,16,4,8,128,16,4,0,0,2,0,0,2,2,4,0,4,8,2,8,128,32,8
28,167,Left,5,0,2,128,1,2,0,0,2,0,0,2,2,4,0,4,8,2,8,128,32,8,2,0,0,0,4,4,2,0,4,8,2,0,8,128,32,8
28,168,Down,6,0,2,128,1,2,2,0,0,0,4,4,2,0,4,8,2,0,8,128,32,8,2,0,0,0,2,4,0,0,8,8,4,0,8,128,32,8
28,169,Down,7,0,2,128,1,2,2,0,0,0,2,4,0,0,8,8,4,0,8,128,32,8,0,0,2,0,0,4,0,0,4,8,4,0,16,128,32,8
28,170,Left,6,0,2,128,1,2,0,0,2,0,0,4,0,0,4,8,4,0,16,128,32,8,2,0,0,0,4,0,0,0,4,8,4,2,16,128,32,8
28,171,Down,6,0,2,128,1,2,2,0,0,0,4,0,0,0,4,8,4,2,16,128,32,8,0,2,0,0,2,0,0,0,8,8,4,2,16,128,32,8
28,172,Down,5,0,2,128,1,2,0,2,0,0,2,0,0,0,8,8,4,2,16,128,32,8,0,2,0,0,2,2,0,0,8,8,4,2,16,128,32,8
28,173,Left,6,0,2,128,1,2,0,2,0,0,2,2,0,0,8,8,4,2,16,128,32,8,2,0,0,0,4,0,2,0,16,4,2,0,16,128,32,8
28,174,Down,7,0,2,128,1,2,2,0,0,0,4,0,2,0,16,4,2,0,16,128,32,8,0,0,0,0,2,0,2,0,4,4,4,0,32,128,32,8
28,175,Left,8,0,2,128,1,2,0,0,0,0,2,0,2,0,4,4,4,0,32,128,32,8,2,0,0,0,4,0,0,0,8,4,0,0,32,128,32,8
28,176,Right,7,0,2,128,1,2,2,0,0,0,4,0,0,0,8,4,0,0,32,128,32,8,0,0,0,2,0,0,0,4,0,2,8,4,32,128,32,8
28,177,Left,6,0,2,128,1,2,0,0,0,2,0,0,0,4,0,2,8,4,32,128,32,8,2,0,0,0,4,0,0,2,2,8,4,0,32,128,32,8
28,178,Down,5,0,2,128,1,2,2,0,0,0,4,0,0,2,2,8,4,0,32,128,32,8,2,0,0,0,4,0,2,0,2,8,4,2,32,128,32,8
28,179,Left,4,0,2,128,1,2,2,0,0,0,4,0,2,0,2,8,4,2,32,128,32,8,2,0,0,0,4,2,0,2,2,8,4,2,32,128,32,8
28,180,Down,4,0,2,128,1,2,2,0,0,0,4,2,0,2,2,8,4,2,32,128,32,8,2,0,0,0,4,2,0,2,2,8,4,4,32,128,32,8
28,181,Right,5,0,2,128,1,2,2,0,0,0,4,2,0,2,2,8,4,4,32,128,32,8,0,0,0,2,2,0,2,4,0,2,8,8,32,128,32,8
28,182,Left,6,0,2,128,1,2,0,0,0,2,2,0,2,4,0,2,8,8,32,128,32,8,2,0,0,0,4,4,2,0,2,16,0,0,32,128,32,8
28,183,Left,6,0,2,128,1,2,2,0,0,0,4,4,2,0,2,16,0,0,32,128,32,8,2,0,2,0,8,2,0,0,2,16,0,0,32,128,32,8
28,184,Right,6,0,2,128,1,2,2,0,2,0,8,2,0,0,2,16,0,0,32,128,32,8,0,0,0,4,0,0,4,2,2,0,2,16,32,128,32,8
28,185,Left,6,0,2,128,1,2,0,0,0,4,0,0,4,2,2,0,2,16,32,128,32,8,4,0,0,0,4,2,0,0,4,16,0,2,32,128,32,8
28,186,Down,6,0,2,128,1,2,4,0,0,0,4,2,0,0,4,16,0,2,32,128,32,8,0,2,0,0,4,2,0,0,8,16,0,2,32,128,32,8
28,187,Down,6,0,2,128,1,2,0,2,0,0,4,2,0,0,8,16,0,2,32,128,32,8,0,2,0,0,4,4,0,0,8,16,0,2,32,128,32,8
28,188,Left,6,0,2,128,1,2,0,2,0,0,4,4,0,0,8,16,0,2,32,128,32,8,2,0,0,2,8,0,0,0,8,16,2,0,32,128,32,8
28,189,Down,6,0,2,128,1,2,2,0,0,2,8,0,0,0,8,16,2,0,32,128,32,8,0,0,0,0,2,0,2,0,16,16,2,2,32,128,32,8
28,190,Left,8,0,2,128,1,2,0,0,0,0,2,0,2,0,16,16,2,2,32,128,32,8,0,0,0,0,4,0,0,2,32,4,0,0,32,128,32,8
28,191,Down,8,0,2,128,1,2,0,0,0,0,4,0,0,2,32,4,0,0,32,128,32,8,0,0,0,2,0,0,0,0,4,4,0,2,64,128,32,8
28,192,Left,8,0,2,128,1,2,0,0,0,2,0,0,0,0,4,4,0,2,64,128,32,8,2,0,0,0,0,2,0,0,8,2,0,0,64,128,32,8
28,193,Left,7,0,2,128,1,2,2,0,0,0,0,2,0,0,8,2,0,0,64,128,32,8,2,2,0,0,2,0,0,0,8,2,0,0,64,128,32,8
28,194,Down,8,0,2,128,1,2,2,2,0,0,2,0,0,0,8,2,0,0,64,128,32,8,0,0,0,0,4,0,2,0,8,4,0,0,64,128,32,8
28,195,Down,7,0,2,128,1,2,0,0,0,0,4,0,2,0,8,4,0,0,64,128,32,8,0,0,0,0,4,0,0,0,8,4,2,2,64,128,32,8
28,196,Left,7,0,2,128,1,2,0,0,0,0,4,0,0,0,8,4,2,2,64,128,32,8,0,0,0,0,4,0,0,2,8,4,4,0,64,128,32,8
28,197,Left,7,0,2,128,1,2,0,0,0,0,4,0,0,2,8,4,4,0,64,128,32,8,0,0,0,0,4,2,0,0,8,8,2,0,64,128,32,8
28,198,Left,7,0,2,128,1,2,0,0,0,0,4,2,0,0,8,8,2,0,64,128,32,8,0,2,0,0,4,2,0,0,16,2,0,0,64,128,32,8
28,199,Down,7,0,2,128,1,2,0,2,0,0,4,2,0,0,16,2,0,0,64,128,32,8,2,0,0,0,4,2,0,0,16,4,0,0,64,128,32,8
28,200,Right,6,0,2,128,1,2,2,0,0,0,4,2,0,0,16,4,0,0,64,128,32,8,2,0,0,2,0,0,2,2,0,0,16,4,64,128,32,8
28,201,Left,7,0,2,128,1,2,2,0,0,2,0,0,2,2,0,0,16,4,64,128,32,8,4,0,0,0,4,0,0,0,16,4,0,2,64,128,32,8
28,202,Down,7,0,2,128,1,2,4,0,0,0,4,0,0,0,16,4,0,2,64,128,32,8,0,2,0,0,8,0,0,0,16,4,0,2,64,128,32,8
28,203,Left,6,0,2,128,1,2,0,2,0,0,8,0,0,0,16,4,0,2,64,128,32,8,2,0,0,0,8,2,0,0,16,4,2,0,64,128,32,8
28,204,Right,5,0,2,128,1,2,2,0,0,0,8,2,0,0,16,4,2,0,64,128,32,8,2,0,0,2,0,0,4,2,0,16,4,2,64,128,32,8
28,205,Left,5,0,2,128,1,2,2,0,0,2,0,0,4,2,0,16,4,2,64,128,32,8,4,0,2,0,4,2,0,0,16,4,2,0,64,128,32,8
28,206,Down,6,0,2,128,1,2,4,0,2,0,4,2,0,0,16,4,2,0,64,128,32,8,2,0,0,0,8,2,0,0,16,4,4,0,64,128,32,8
28,207,Right,6,0,2,128,1,2,2,0,0,0,8,2,0,0,16,4,4,0,64,128,32,8,0,2,0,2,0,0,4,2,0,0,16,8,64,128,32,8
28,208,Left,6,0,2,128,1,2,0,2,0,2,0,0,4,2,0,0,16,8,64,128,32,8,4,2,0,0,4,2,0,0,16,8,0,0,64,128,32,8
28,209,Down,7,0,2,128,1,2,4,2,0,0,4,2,0,0,16,8,0,0,64,128,32,8,0,0,0,0,8,4,2,0,16,8,0,0,64,128,32,8
28,210,Right,6,0,2,128,1,2,0,0,0,0,8,4,2,0,16,8,0,0,64,128,32,8,0,0,0,0,0,8,2,2,2,0,16,8,64,128,32,8
28,211,Left,6,0,2,128,1,2,0,0,0,0,0,8,2,2,2,0,16,8,64,128,32,8,0,0,0,0,8,4,2,0,2,16,8,0,64,128,32,8
28,212,Right,5,0,2,128,1,2,0,0,0,0,8,4,2,0,2,16,8,0,64,128,32,8,0,0,0,0,2,8,2,2,0,2,16,8,64,128,32,8
28,213,Left,5,0,2,128,1,2,0,0,0,0,2,8,2,2,0,2,16,8,64,128,32,8,0,0,2,0,2,8,2,0,2,16,8,0,64,128,32,8
28,214,Down,6,0,2,128,1,2,0,0,2,0,2,8,2,0,2,16,8,0,64,128,32,8,0,0,0,0,0,8,2,2,4,16,8,0,64,128,32,8
28,215,Left,6,0,2,128,1,2,0,0,0,0,0,8,2,2,4,16,8,0,64,128,32,8,0,0,0,0,8,4,0,2,4,16,8,0,64,128,32,8
28,216,Right,5,0,2,128,1,2,0,0,0,0,8,4,0,2,4,16,8,0,64,128,32,8,0,0,0,0,2,8,2,2,0,4,16,8,64,128,32,8
28,217,Left,5,0,2,128,1,2,0,0,0,0,2,8,2,2,0,4,16,8,64,128,32,8,0,0,0,0,2,8,2,2,4,16,8,0,64,128,32,8
28,218,Left,5,0,2,128,1,2,0,0,0,0,2,8,2,2,4,16,8,0,64,128,32,8,0,0,0,0,2,8,2,2,4,16,8,0,64,128,32,8
28,219,Left,5,0,2,128,1,2,0,0,0,0,2,8,2,2,4,16,8,0,64,128,32,8,0,0,0,2,2,8,2,0,4,16,8,0,64,128,32,8
28,220,Left,4,0,2,128,1,2,0,0,0,2,2,8,2,0,4,16,8,0,64,128,32,8,2,2,0,0,2,8,2,0,4,16,8,0,64,128,32,8
28,221,Down,4,0,2,128,1,2,2,2,0,0,2,8,2,0,4,16,8,0,64,128,32,8,2,2,0,0,4,8,2,0,4,16,8,0,64,128,32,8
28,222,Down,4,0,2,128,1,2,2,2,0,0,4,8,2,0,4,16,8,0,64,128,32,8,2,2,0,0,2,8,2,0,8,16,8,0,64,128,32,8
28,223,Down,4,0,2,128,1,2,2,2,0,0,2,8,2,0,8,16,8,0,64,128,32,8,0,2,0,0,4,8,2,2,8,16,8,0,64,128,32,8
28,224,Left,4,0,2,128,1,2,0,2,0,0,4,8,2,2,8,16,8,0,64,128,32,8,2,0,0,2,4,8,2,0,8,16,8,0,64,128,32,8
28,225,Left,4,0,2,128,1,2,2,0,0,2,4,8,2,0,8,16,8,0,64,128,32,8,4,0,2,0,4,8,2,0,8,16,8,0,64,128,32,8
28,226,Left,3,0,2,128,1,2,4,0,2,0,4,8,2,0,8,16,8,0,64,128,32,8,4,2,0,0,4,8,2,2,8,16,8,0,64,128,32,8
28,227,Down,3,0,2,128,1,2,4,2,0,0,4,8,2,2,8,16,8,0,64,128,32,8,0,2,2,0,8,8,2,0,8,16,8,2,64,128,32,8
28,228,Down,4,0,2,128,1,2,0,2,2,0,8,8,2,0,8,16,8,2,64,128,32,8,0,2,2,0,0,8,2,0,16,16,8,2,64,128,32,8
28,229,Left,5,0,2,128,1,2,0,2,2,0,0,8,2,0,16,16,8,2,64,128,32,8,4,2,0,0,8,2,0,0,32,8,2,0,64,128,32,8
28,230,Down,5,0,2,128,1,2,4,2,0,0,8,2,0,0,32,8,2,0,64,128,32,8,4,0,0,0,8,4,0,2,32,8,2,0,64,128,32,8
28,231,Down,4,0,2,128,1,2,4,0,0,0,8,4,0,2,32,8,2,0,64,128,32,8,4,0,2,0,8,4,0,0,32,8,2,2,64,128,32,8
28,232,Down,4,0,2,128,1,2,4,0,2,0,8,4,0,0,32,8,2,2,64,128,32,8,4,0,0,0,8,4,0,2,32,8,4,2,64,128,32,8
28,233,Left,3,0,2,128,1,2,4,0,0,0,8,4,0,2,32,8,4,2,64,128,32,8,4,0,0,0,8,4,2,2,32,8,4,2,64,128,32,8
28,234,Left,3,0,2,128,1,2,4,0,0,0,8,4,2,2,32,8,4,2,64,128,32,8,4,0,0,2,8,4,2,0,32,8,4,2,64,128,32,8
28,235,Left,2,0,2,128,1,2,4,0,0,2,8,4,2,0,32,8,4,2,64,128,32,8,4,2,2,0,8,4,2,0,32,8,4,2,64,128,32,8
28,236,Left,2,0,2,128,1,2,4,2,2,0,8,4,2,0,32,8,4,2,64,128,32,8,4,4,2,0,8,4,2,0,32,8,4,2,64,128,32,8
28,237,Left,2,0,2,128,1,2,4,4,2,0,8,4,2,0,32,8,4,2,64,128,32,8,8,2,2,0,8,4,2,0,32,8,4,2,64,128,32,8
28,238,Down,3,0,2,128,1,2,8,2,2,0,8,4,2,0,32,8,4,2,64,128,32,8,2,2,0,0,16,4,2,0,32,8,4,2,64,128,32,8
28,239,Left,3,0,2,128,1,2,2,2,0,0,16,4,2,0,32,8,4,2,64,128,32,8,4,0,2,0,16,4,2,0,32,8,4,2,64,128,32,8
28,240,Left,2,0,2,128,1,2,4,0,2,0,16,4,2,0,32,8,4,2,64,128,32,8,4,2,2,0,16,4,2,0,32,8,4,2,64,128,32,8
28,241,Left,2,0,2,128,1,2,4,2,2,0,16,4,2,0,32,8,4,2,64,128,32,8,4,4,0,2,16,4,2,0,32,8,4,2,64,128,32,8
28,242,Left,2,0,2,128,1,2,4,4,0,2,16,4,2,0,32,8,4,2,64,128,32,8,8,2,0,2,16,4,2,0,32,8,4,2,64,128,32,8
28,243,Left,2,0,2,128,1,2,8,2,0,2,16,4,2,0,32,8,4,2,64,128,32,8,8,4,0,0,16,4,2,2,32,8,4,2,64,128,32,8
28,244,Left,2,0,2,128,1,2,8,4,0,0,16,4,2,2,32,8,4,2,64,128,32,8,8,4,0,2,16,4,2,0,32,8,4,2,64,128,32,8
28,245,Down,3,0,2,128,1,2,8,4,0,2,16,4,2,0,32,8,4,2,64,128,32,8,8,0,2,0,16,8,2,0,32,8,4,4,64,128,32,8
28,246,Down,4,0,2,128,1,2,8,0,2,0,16,8,2,0,32,8,4,4,64,128,32,8,8,2,0,0,16,0,2,0,32,16,4,4,64,128,32,8
28,247,Left,4,0,2,128,1,2,8,2,0,0,16,0,2,0,32,16,4,4,64,128,32,8,8,2,0,0,16,2,0,2,32,16,8,0,64,128,32,8
28,248,Down,4,0,2,128,1,2,8,2,0,0,16,2,0,2,32,16,8,0,64,128,32,8,8,2,0,0,16,4,0,0,32,16,8,2,64,128,32,8
28,249,Right,3,0,2,128,1,2,8,2,0,0,16,4,0,0,32,16,8,2,64,128,32,8,0,2,8,2,0,0,8,4,32,16,8,2,64,128,32,8
28,250,Left,2,0,2,128,1,2,0,2,8,2,0,0,8,4,32,16,8,2,64,128,32,8,2,8,2,2,8,4,0,0,32,16,8,2,64,128,32,8
28,251,Down,2,0,2,128,1,2,2,8,2,2,8,4,0,0,32,16,8,2,64,128,32,8,2,8,2,0,8,4,2,0,32,16,8,4,64,128,32,8
28,252,Right,1,0,2,128,1,2,2,8,2,0,8,4,2,0,32,16,8,4,64,128,32,8,2,2,8,2,0,8,2,2,32,16,8,4,64,128,32,8
28,253,Down,1,0,2,128,1,2,2,2,8,2,0,8,2,2,32,16,8,4,64,128,32,8,2,2,8,0,2,8,2,4,32,16,8,4,64,128,32,8
28,254,Left,1,0,2,128,1,2,2,2,8,0,2,8,2,4,32,16,8,4,64,128,32,8,4,8,2,0,2,8,2,4,32,16,8,4,64,128,32,8
28,255,Down,3,0,2,128,1,2,4,8,2,0,2,8,2,4,32,16,8,4,64,128,32,8,4,2,0,0,2,16,2,0,32,16,8,8,64,128,32,8
28,256,Down,4,0,2,128,1,2,4,2,0,0,2,16,2,0,32,16,8,8,64,128,32,8,4,2,0,0,2,2,2,0,32,32,8,0,64,128,32,16
28,257,Left,5,0,2,128,1,2,4,2,0,0,2,2,2,0,32,32,8,0,64,128,32,16,4,2,0,0,4,2,2,0,64,8,0,0,64,128,32,16
28,258,Down,7,0,2,128,1,2,4,2,0,0,4,2,2,0,64,8,0,0,64,128,32,16,0,0,0,2,0,4,0,0,8,8,2,0,128,128,32,16
28,259,Right,8,0,2,256,1,2,0,0,0,2,0,4,0,0,8,8,2,0,128,128,32,16,0,0,0,2,0,0,2,4,0,0,16,2,0,256,32,16
28,260,Left,7,0,2,256,1,2,0,0,0,2,0,0,2,4,0,0,16,2,0,256,32,16,2,0,0,0,2,4,0,0,16,2,0,2,256,32,16,0
28,261,Down,7,0,2,256,1,2,2,0,0,0,2,4,0,0,16,2,0,2,256,32,16,0,2,0,0,0,4,4,0,0,16,2,0,0,256,32,16,2
28,262,Right,7,0,2,256,1,2,2,0,0,0,4,4,0,0,16,2,0,0,256,32,16,2,0,0,0,2,0,0,0,8,0,2,16,2,256,32,16,2
28,263,Left,6,0,2,256,1,2,0,0,0,2,0,0,0,8,0,2,16,2,256,32,16,2,2,0,0,2,8,0,0,0,2,16,2,0,256,32,16,2
28,264,Down,6,0,2,256,1,2,2,0,0,2,8,0,0,0,2,16,2,0,256,32,16,2,2,0,0,0,8,0,0,2,2,16,2,0,256,32,16,4
28,265,Right,5,0,2,256,1,2,2,0,0,0,8,0,0,2,2,16,2,0,256,32,16,4,0,0,0,2,0,2,4,2,0,2,16,2,256,32,16,4
28,266,Down,7,0,2,256,1,2,0,0,0,2,0,2,4,2,0,2,16,2,256,32,16,4,0,0,0,0,0,2,0,2,0,4,4,4,256,32,32,4
28,267,Left,9,0,2,256,1,2,0,0,0,0,0,2,0,2,0,4,4,4,256,32,32,4,2,0,0,0,4,0,0,0,8,4,0,0,256,64,4,0
28,268,Right,8,0,2,256,1,2,2,0,0,0,4,0,0,0,8,4,0,0,256,64,4,0,0,0,0,2,0,0,0,4,0,2,8,4,0,256,64,4
28,269,Left,7,0,2,256,1,2,0,0,0,2,0,0,0,4,0,2,8,4,0,256,64,4,2,0,0,2,4,0,0,0,2,8,4,0,256,64,4,0
28,270,Down,7,0,2,256,1,2,2,0,0,2,4,0,0,0,2,8,4,0,256,64,4,0,2,0,0,0,4,0,0,2,2,8,0,0,256,64,8,2
28,271,Down,7,0,2,256,1,2,2,0,0,0,4,0,0,2,2,8,0,0,256,64,8,2,2,0,0,0,4,0,0,0,2,8,0,2,256,64,8,4
28,272,Right,6,0,2,256,1,2,2,0,0,0,4,0,0,0,2,8,0,2,256,64,8,4,0,0,0,2,0,0,0,4,2,2,8,2,256,64,8,4
28,273,Down,6,0,2,256,1,2,0,0,0,2,0,0,0,4,2,2,8,2,256,64,8,4,0,0,0,2,0,2,0,4,2,2,0,2,256,64,16,4
28,274,Left,6,0,2,256,1,2,0,0,0,2,0,2,0,4,2,2,0,2,256,64,16,4,2,0,0,0,2,4,0,0,4,2,2,0,256,64,16,4
28,275,Down,6,0,2,256,1,2,2,0,0,0,2,4,0,0,4,2,2,0,256,64,16,4,0,0,0,0,4,4,0,2,4,2,2,0,256,64,16,4
28,276,Down,6,0,2,256,1,2,0,0,0,0,4,4,0,2,4,2,2,0,256,64,16,4,0,0,0,0,2,4,0,0,8,2,2,2,256,64,16,4
28,277,Left,6,0,2,256,1,2,0,0,0,0,2,4,0,0,8,2,2,2,256,64,16,4,0,0,2,0,2,4,0,0,8,4,2,0,256,64,16,4
28,278,Left,5,0,2,256,1,2,0,0,2,0,2,4,0,0,8,4,2,0,256,64,16,4,2,0,0,0,2,4,0,0,8,4,2,2,256,64,16,4
28,279,Down,6,0,2,256,1,2,2,0,0,0,2,4,0,0,8,4,2,2,256,64,16,4,0,0,0,0,4,0,2,0,8,8,2,2,256,64,16,4
28,280,Left,7,0,2,256,1,2,0,0,0,0,4,0,2,0,8,8,2,2,256,64,16,4,0,0,2,0,4,2,0,0,16,4,0,0,256,64,16,4
28,281,Down,6,0,2,256,1,2,0,0,2,0,4,2,0,0,16,4,0,0,256,64,16,4,2,0,0,0,4,2,0,0,16,4,2,0,256,64,16,4
28,282,Right,5,0,2,256,1,2,2,0,0,0,4,2,0,0,16,4,2,0,256,64,16,4,0,0,0,2,0,0,2,2,2,16,4,2,256,64,16,4
28,283,Left,5,0,2,256,1,2,0,0,0,2,0,0,2,2,2,16,4,2,256,64,16,4,2,0,0,0,4,2,0,0,2,16,4,2,256,64,16,4
28,284,Right,4,0,2,256,1,2,2,0,0,0,4,2,0,0,2,16,4,2,256,64,16,4,2,0,0,2,0,0,2,2,2,16,4,2,256,64,16,4
28,285,Down,5,0,2,256,1,2,2,0,0,2,0,0,2,2,2,16,4,2,256,64,16,4,0,2,0,0,0,0,2,2,4,16,4,4,256,64,16,4
28,286,Down,5,0,2,256,1,2,0,2,0,0,0,0,2,2,4,16,4,4,256,64,16,4,0,0,2,0,0,2,2,0,4,16,4,2,256,64,16,8
28,287,Left,5,0,2,256,1,2,0,0,2,0,0,2,2,0,4,16,4,2,256,64,16,8,2,0,0,2,4,0,0,0,4,16,4,2,256,64,16,8
28,288,Down,6,0,2,256,1,2,2,0,0,2,4,0,0,0,4,16,4,2,256,64,16,8,0,0,0,2,2,0,0,0,8,16,4,4,256,64,16,8
28,289,Left,6,0,2,256,1,2,0,0,0,2,2,0,0,0,8,16,4,4,256,64,16,8,2,0,0,0,2,0,2,0,8,16,8,0,256,64,16,8
28,290,Right,6,0,2,256,1,2,2,0,0,0,2,0,2,0,8,16,8,0,256,64,16,8,0,0,0,2,0,0,0,4,2,8,16,8,256,64,16,8
28,291,Down,7,0,2,256,1,2,0,0,0,2,0,0,0,4,2,8,16,8,256,64,16,8,2,0,0,0,0,0,0,2,2,8,0,4,256,64,32,16
28,292,Left,6,0,2,256,1,2,2,0,0,0,0,0,0,2,2,8,0,4,256,64,32,16,2,0,2,0,2,0,0,0,2,8,4,0,256,64,32,16
28,293,Down,6,0,2,256,1,2,2,0,2,0,2,0,0,0,2,8,4,0,256,64,32,16,0,0,2,0,2,0,2,0,4,8,4,0,256,64,32,16
28,294,Down,6,0,2,256,1,2,0,0,2,0,2,0,2,0,4,8,4,0,256,64,32,16,0,0,2,0,2,0,2,0,4,8,4,0,256,64,32,16
28,295,Down,6,0,2,256,1,2,0,0,2,0,2,0,2,0,4,8,4,0,256,64,32,16,0,2,0,0,2,0,2,0,4,8,4,0,256,64,32,16
28,296,Right,6,0,2,256,1,2,0,2,0,0,2,0,2,0,4,8,4,0,256,64,32,16,0,2,0,2,0,0,0,4,0,4,8,4,256,64,32,16
28,297,Down,6,0,2,256,1,2,0,2,0,2,0,0,0,4,0,4,8,4,256,64,32,16,0,2,0,0,0,2,0,2,0,4,8,8,256,64,32,16
28,298,Right,7,0,2,256,1,2,0,2,0,0,0,2,0,2,0,4,8,8,256,64,32,16,0,2,0,2,0,0,0,4,0,0,4,16,256,64,32,16
28,299,Down,7,0,2,256,1,2,0,2,0,2,0,0,0,4,0,0,4,16,256,64,32,16,0,0,0,0,0,0,2,2,0,2,4,4,256,64,32,32
28,300,Left,9,0,2,256,1,2,0,0,0,0,0,0,2,2,0,2,4,4,256,64,32,32,0,2,0,0,4,0,0,0,2,8,0,0,256,64,64,0
28,301,Left,9,0,2,256,1,2,0,2,0,0,4,0,0,0,2,8,0,0,256,64,64,0,2,0,0,0,4,0,0,0,2,8,0,0,256,128,0,2
28,302,Right,8,0,2,256,1,2,2,0,0,0,4,0,0,0,2,8,0,0,256,128,0,2,0,0,0,2,2,0,0,4,0,0,2,8,0,256,128,2
28,303,Left,7,0,2,256,1,2,0,0,0,2,2,0,0,4,0,0,2,8,0,256,128,2,2,0,0,2,2,4,0,0,2,8,0,0,256,128,2,0
28,304,Down,7,0,2,256,1,2,2,0,0,2,2,4,0,0,2,8,0,0,256,128,2,0,0,0,0,0,2,4,0,0,4,8,0,2,256,128,2,2
28,305,Down,7,0,2,256,1,2,0,0,0,0,2,4,0,0,4,8,0,2,256,128,2,2,0,0,0,0,2,4,2,0,4,8,0,0,256,128,2,4
28,306,Down,7,0,2,256,1,2,0,0,0,0,2,4,2,0,4,8,0,0,256,128,2,4,0,0,0,0,2,4,2,0,4,8,0,0,256,128,4,4
28,307,Left,7,0,2,256,1,2,0,0,0,0,2,4,2,0,4,8,0,0,256,128,4,4,0,0,0,0,2,4,2,2,4,8,0,0,256,128,8,0
28,308,Down,6,0,2,256,1,2,0,0,0,0,2,4,2,2,4,8,0,0,256,128,8,0,0,0,2,0,2,4,0,0,4,8,2,0,256,128,8,2
28,309,Right,5,0,2,256,1,2,0,0,2,0,2,4,0,0,4,8,2,0,256,128,8,2,2,0,0,2,0,0,2,4,0,4,8,2,256,128,8,2
28,310,Down,6,0,2,256,1,2,2,0,0,2,0,0,2,4,0,4,8,2,256,128,8,2,0,0,0,0,0,2,0,2,2,4,2,4,256,128,16,4
28,311,Left,6,0,2,256,1,2,0,0,0,0,0,2,0,2,2,4,2,4,256,128,16,4,2,0,0,0,4,0,0,0,2,4,2,4,256,128,16,4
28,312,Down,6,0,2,256,1,2,2,0,0,0,4,0,0,0,2,4,2,4,256,128,16,4,2,0,0,0,4,0,0,2,2,4,2,0,256,128,16,8
28,313,Left,5,0,2,256,1,2,2,0,0,0,4,0,0,2,2,4,2,0,256,128,16,8,2,0,0,2,4,2,0,0,2,4,2,0,256,128,16,8
28,314,Down,4,0,2,256,1,2,2,0,0,2,4,2,0,0,2,4,2,0,256,128,16,8,2,0,0,0,4,2,0,2,2,4,2,2,256,128,16,8
28,315,Left,5,0,2,256,1,2,2,0,0,0,4,2,0,2,2,4,2,2,256,128,16,8,2,0,0,0,4,4,0,2,2,4,4,0,256,128,16,8
28,316,Left,6,0,2,256,1,2,2,0,0,0,4,4,0,2,2,4,4,0,256,128,16,8,2,0,2,0,8,2,0,0,2,8,0,0,256,128,16,8
28,317,Down,5,0,2,256,1,2,2,0,2,0,8,2,0,0,2,8,0,0,256,128,16,8,2,0,2,0,8,2,0,0,2,8,2,0,256,128,16,8
28,318,Right,5,0,2,256,1,2,2,0,2,0,8,2,0,0,2,8,2,0,256,128,16,8,0,2,0,4,0,0,4,2,0,2,8,2,256,128,16,8
28,319,Left,4,0,2,256,1,2,0,2,0,4,0,0,4,2,0,2,8,2,256,128,16,8,2,4,0,0,4,2,0,0,2,8,2,2,256,128,16,8
28,320,Right,4,0,2,256,1,2,2,4,0,0,4,2,0,0,2,8,2,2,256,128,16,8,0,2,2,4,0,0,2,2,0,2,8,4,256,128,16,8
28,321,Left,5,0,2,256,1,2,0,2,2,4,0,0,2,2,0,2,8,4,256,128,16,8,4,4,0,0,4,0,2,0,2,8,4,0,256,128,16,8
28,322,Right,5,0,2,256,1,2,4,4,0,0,4,0,2,0,2,8,4,0,256,128,16,8,0,0,0,8,0,0,2,2,2,2,8,4,256,128,16,8
28,323,Left,6,0,2,256,1,2,0,0,0,8,0,0,2,2,2,2,8,4,256,128,16,8,8,0,0,0,4,2,0,0,4,8,4,0,256,128,16,8
28,324,Down,6,0,2,256,1,2,8,0,0,0,4,2,0,0,4,8,4,0,256,128,16,8,0,0,0,0,8,2,0,0,8,8,4,2,256,128,16,8
28,325,Down,6,0,2,256,1,2,0,0,0,0,8,2,0,0,8,8,4,2,256,128,16,8,0,2,0,0,0,2,0,0,16,8,4,2,256,128,16,8
28,326,Left,5,0,2,256,1,2,0,2,0,0,0,2,0,0,16,8,4,2,256,128,16,8,2,2,0,0,2,0,0,0,16,8,4,2,256,128,16,8
28,327,Down,5,0,2,256,1,2,2,2,0,0,2,0,0,0,16,8,4,2,256,128,16,8,2,0,0,0,4,2,0,0,16,8,4,2,256,128,16,8
28,328,Right,4,0,2,256,1,2,2,0,0,0,4,2,0,0,16,8,4,2,256,128,16,8,0,0,2,2,0,0,2,2,16,8,4,2,256,128,16,8
28,329,Down,5,0,2,256,1,2,0,0,2,2,0,0,2,2,16,8,4,2,256,128,16,8,0,0,2,0,0,0,2,2,16,8,4,4,256,128,16,8
28,330,Down,5,0,2,256,1,2,0,0,2,0,0,0,2,2,16,8,4,4,256,128,16,8,2,0,0,0,0,0,2,2,16,8,4,4,256,128,16,8
28,331,Right,6,0,2,256,1,2,2,0,0,0,0,0,2,2,16,8,4,4,256,128,16,8,0,0,0,2,2,0,0,4,0,16,8,8,256,128,16,8
28,332,Left,6,0,2,256,1,2,0,0,0,2,2,0,0,4,0,16,8,8,256,128,16,8,2,0,0,0,2,4,0,0,16,16,2,0,256,128,16,8
28,333,Right,6,0,2,256,1,2,2,0,0,0,2,4,0,0,16,16,2,0,256,128,16,8,0,0,0,2,0,0,2,4,0,2,32,2,256,128,16,8
28,334,Left,5,0,2,256,1,2,0,0,0,2,0,0,2,4,0,2,32,2,256,128,16,8,2,2,0,0,2,4,0,0,2,32,2,0,256,128,16,8
28,335,Down,5,0,2,256,1,2,2,2,0,0,2,4,0,0,2,32,2,0,256,128,16,8,0,2,0,0,2,4,0,2,4,32,2,0,256,128,16,8
28,336,Down,4,0,2,256,1,2,0,2,0,0,2,4,0,2,4,32,2,0,256,128,16,8,2,2,0,0,2,4,0,0,4,32,2,2,256,128,16,8
28,337,Left,5,0,2,256,1,2,2,2,0,0,2,4,0,0,4,32,2,2,256,128,16,8,4,0,0,0,2,4,0,0,4,32,4,2,256,128,16,8
28,338,Right,4,0,2,256,1,2,4,0,0,0,2,4,0,0,4,32,4,2,256,128,16,8,0,0,0,4,2,0,2,4,4,32,4,2,256,128,16,8
28,339,Left,4,0,2,256,1,2,0,0,0,4,2,0,2,4,4,32,4,2,256,128,16,8,4,0,0,2,4,4,0,0,4,32,4,2,256,128,16,8
28,340,Down,5,0,2,256,1,2,4,0,0,2,4,4,0,0,4,32,4,2,256,128,16,8,0,2,0,0,4,4,0,0,8,32,4,4,256,128,16,8
28,341,Left,6,0,2,256,1,2,0,2,0,0,4,4,0,0,8,32,4,4,256,128,16,8,2,0,0,0,8,0,0,0,8,32,8,2,256,128,16,8
28,342,Down,6,0,2,256,1,2,2,0,0,0,8,0,0,0,8,32,8,2,256,128,16,8,0,0,0,0,2,0,0,2,16,32,8,2,256,128,16,8
28,343,Left,6,0,2,256,1,2,0,0,0,0,2,0,0,2,16,32,8,2,256,128,16,8,0,2,0,0,4,0,0,0,16,32,8,2,256,128,16,8
28,344,Down,5,0,2,256,1,2,0,2,0,0,4,0,0,0,16,32,8,2,256,128,16,8,0,0,2,0,4,2,0,0,16,32,8,2,256,128,16,8
28,345,Right,4,0,2,256,1,2,0,0,2,0,4,2,0,0,16,32,8,2,256,128,16,8,0,2,0,2,0,0,2,2,16,32,8,2,256,128,16,8
28,346,Down,4,0,2,256,1,2,0,2,0,2,0,0,2,2,16,32,8,2,256,128,16,8,0,0,0,2,0,2,2,2,16,32,8,4,256,128,16,8
28,347,Down,4,0,2,256,1,2,0,0,0,2,0,2,2,2,16,32,8,4,256,128,16,8,0,0,0,2,0,2,2,4,16,32,8,4,256,128,16,8
28,348,Down,4,0,2,256,1,2,0,0,0,2,0,2,2,4,16,32,8,4,256,128,16,8,0,0,0,0,2,2,2,2,16,32,8,8,256,128,16,8
28,349,Right,6,0,2,256,1,2,0,0,0,0,2,2,2,2,16,32,8,8,256,128,16,8,0,2,0,0,0,0,2,4,0,16,32,16,256,128,16,8
28,350,Left,5,0,2,256,1,2,0,2,0,0,0,0,2,4,0,16,32,16,256,128,16,8,2,2,0,0,2,4,0,0,16,32,16,0,256,128,16,8
28,351,Down,6,0,2,256,1,2,2,2,0,0,2,4,0,0,16,32,16,0,256,128,16,8,0,2,2,0,4,4,0,0,16,32,0,0,256,128,32,8
28,352,Left,7,0,2,256,1,2,0,2,2,0,4,4,0,0,16,32,0,0,256,128,32,8,4,0,0,0,8,0,0,0,16,32,2,0,256,128,32,8
28,353,Right,6,0,2,256,1,2,4,0,0,0,8,0,0,0,16,32,2,0,256,128,32,8,0,0,0,4,0,0,2,8,0,16,32,2,256,128,32,8
28,354,Down,6,0,2,256,1,2,0,0,0,4,0,0,2,8,0,16,32,2,256,128,32,8,2,0,0,4,0,0,0,8,0,16,2,2,256,128,64,8
28,355,Left,6,0,2,256,1,2,2,0,0,4,0,0,0,8,0,16,2,2,256,128,64,8,2,4,0,0,8,0,2,0,16,4,0,0,256,128,64,8
28,356,Down,6,0,2,256,1,2,2,4,0,0,8,0,2,0,16,4,0,0,256,128,64,8,2,0,0,0,8,0,0,2,16,8,2,0,256,128,64,8
28,357,Down,5,0,2,256,1,2,2,0,0,0,8,0,0,2,16,8,2,0,256,128,64,8,2,0,0,0,8,0,2,0,16,8,2,2,256,128,64,8
28,358,Right,5,0,2,256,1,2,2,0,0,0,8,0,2,0,16,8,2,2,256,128,64,8,0,0,0,2,2,0,4,2,0,16,8,4,256,128,64,8
28,359,Left,4,0,3,256,1,2,0,0,0,2,2,0,4,2,0,16,8,4,256,128,64,8,2,0,2,0,2,4,2,0,16,8,4,0,256,128,64,8
28,360,Down,5,0,3,256,1,2,2,0,2,0,2,4,2,0,16,8,4,0,256,128,64,8,0,0,2,0,4,4,2,0,16,8,4,0,256,128,64,8
28,361,Down,5,0,3,256,1,2,0,0,2,0,4,4,2,0,16,8,4,0,256,128,64,8,0,0,0,2,4,4,2,0,16,8,4,0,256,128,64,8
28,362,Right,5,0,3,256,1,2,0,0,0,2,4,4,2,0,16,8,4,0,256,128,64,8,0,0,0,2,2,0,4,2,0,16,8,4,256,128,64,8
28,363,Left,4,0,4,256,1,2,0,0,0,2,2,0,4,2,0,16,8,4,256,128,64,8,2,0,0,2,2,4,2,0,16,8,4,0,256,128,64,8
28,364,Down,4,0,4,256,1,2,2,0,0,2,2,4,2,0,16,8,4,0,256,128,64,8,0,0,0,2,4,4,2,0,16,8,4,2,256,128,64,8
28,365,Right,4,0,4,256,1,2,0,0,0,2,4,4,2,0,16,8,4,2,256,128,64,8,0,2,0,2,0,0,4,2,16,8,4,2,256,128,64,8
28,366,Down,5,0,5,256,1,2,0,2,0,2,0,0,4,2,16,8,4,2,256,128,64,8,0,0,0,0,0,2,2,2,16,8,8,4,256,128,64,8
28,367,Right,6,0,5,256,1,2,0,0,0,0,0,2,2,2,16,8,8,4,256,128,64,8,0,2,0,0,0,0,2,4,0,16,16,4,256,128,64,8
28,368,Right,6,0,5,256,1,2,0,2,0,0,0,0,2,4,0,16,16,4,256,128,64,8,0,0,0,2,2,0,2,4,0,0,32,4,256,128,64,8
28,369,Down,6,0,5,256,1,2,0,0,0,2,2,0,2,4,0,0,32,4,256,128,64,8,0,0,0,0,0,2,2,2,2,0,32,8,256,128,64,8
28,370,Left,6,0,5,256,1,2,0,0,0,0,0,2,2,2,2,0,32,8,256,128,64,8,0,0,2,0,4,2,0,0,2,32,8,0,256,128,64,8
28,371,Down,5,0,5,256,1,2,0,0,2,0,4,2,0,0,2,32,8,0,256,128,64,8,0,0,2,0,4,2,2,0,2,32,8,0,256,128,64,8
28,372,Right,5,0,5,256,1,2,0,0,2,0,4,2,2,0,2,32,8,0,256,128,64,8,0,2,0,2,0,0,2,4,0,2,32,8,256,128,64,8
28,373,Down,6,0,5,256,1,2,0,2,0,2,0,0,2,4,0,2,32,8,256,128,64,8,0,2,0,0,0,0,2,2,0,4,32,4,256,128,64,16
28,374,Right,6,0,5,256,1,2,0,2,0,0,0,0,2,2,0,4,32,4,256,128,64,16,0,2,0,2,0,0,0,4,0,4,32,4,256,128,64,16
28,375,Down,6,0,5,256,1,2,0,2,0,2,0,0,0,4,0,4,32,4,256,128,64,16,0,0,0,0,0,2,0,2,2,4,32,8,256,128,64,16
28,376,Right,6,0,5,256,1,2,0,0,0,0,0,2,0,2,2,4,32,8,256,128,64,16,0,0,0,0,0,0,2,4,2,4,32,8,256,128,64,16
28,377,Left,5,0,5,256,1,2,0,0,0,0,0,0,2,4,2,4,32,8,256,128,64,16,0,0,0,0,2,4,2,0,2,4,32,8,256,128,64,16
28,378,Down,6,0,5,256,1,2,0,0,0,0,2,4,2,0,2,4,32,8,256,128,64,16,2,0,0,0,0,0,2,0,4,8,32,8,256,128,64,16
28,379,Right,5,0,5,256,1,2,2,0,0,0,0,0,2,0,4,8,32,8,256,128,64,16,0,2,0,2,0,0,0,2,4,8,32,8,256,128,64,16
28,380,Down,5,0,5,256,1,2,0,2,0,2,0,0,0,2,4,8,32,8,256,128,64,16,2,0,0,0,0,2,0,4,4,8,32,8,256,128,64,16
28,381,Right,4,0,5,256,1,2,2,0,0,0,0,2,0,4,4,8,32,8,256,128,64,16,0,0,2,2,0,0,2,4,4,8,32,8,256,128,64,16
28,382,Right,4,0,5,256,1,2,0,0,2,2,0,0,2,4,4,8,32,8,256,128,64,16,0,0,0,4,2,0,2,4,4,8,32,8,256,128,64,16
28,383,Down,4,0,5,256,1,2,0,0,0,4,2,0,2,4,4,8,32,8,256,128,64,16,2,0,0,0,2,0,2,8,4,8,32,8,256,128,64,16
28,384,Down,5,0,5,256,1,2,2,0,0,0,2,0,2,8,4,8,32,8,256,128,64,16,0,2,0,0,4,0,2,0,4,8,32,16,256,128,64,16
28,385,Down,6,0,5,256,1,2,0,2,0,0,4,0,2,0,4,8,32,16,256,128,64,16,0,0,0,2,0,2,2,0,8,8,32,0,256,128,64,32
28,386,Right,7,0,5,256,1,2,0,0,0,2,0,2,2,0,8,8,32,0,256,128,64,32,2,0,0,2,0,0,0,4,0,0,16,32,256,128,64,32
28,387,Down,7,0,5,256,1,2,2,0,0,2,0,0,0,4,0,0,16,32,256,128,64,32,0,0,0,0,0,2,0,2,2,0,16,4,256,128,64,64
28,388,Left,8,0,5,256,1,2,0,0,0,0,0,2,0,2,2,0,16,4,256,128,64,64,0,0,0,0,4,0,2,0,2,16,4,0,256,128,128,0
28,389,Left,8,0,5,256,1,2,0,0,0,0,4,0,2,0,2,16,4,0,256,128,128,0,0,0,0,0,4,2,0,0,2,16,4,0,256,256,2,0
28,390,Left,8,0,5,512,1,2,0,0,0,0,4,2,0,0,2,16,4,0,256,256,2,0,0,0,0,0,4,2,0,2,2,16,4,0,512,2,0,0
